{
	"Audio Ports":  {
		"image": "./images/product-images/audio_ports.jpg",
		"price": "0.99"
	},
	"Breadboard": {
		"image": "./images/product-images/breadboard.jpg",
		"price": "0.99"
	},
	"Breadboard Jumper Wire Bundle": {
		"image": "./images/product-images/breadboard_jumper_wire_bundle.jpg",
		"price": "0.99"
	},
	"Ceramic Capacitor": {
		"image": "./images/product-images/capacitor_ceramic.jpg",
		"price": "0.99"
	},
	"Electrolytic Capacitor": {
		"image": "./images/product-images/capacitor_electrolytic.jpg",
		"price": "0.99"
	},
	"Diode": {
		"image": "./images/product-images/diode.jpg",
		"price": "0.99"
	},
	"Ethernet Connector": {
		"image": "./images/product-images/ethernet.jpg",
		"price": "0.99"
	},
	"5-inch Floppy Drive": {
		"image": "./images/product-images/floppy_drive.jpg",
		"price": "0.99"
	},
	"Hard Disk Drive Headers": {
		"image": "./images/product-images/hard_disk_drive_headers.jpg",
		"price": "0.99"
	},
	"Large Jumper Cable": {
		"image": "./images/product-images/jumper_cable_lg.jpg",
		"price": "0.99"
	},
	"Small Jumper Cable": {
		"image": "./images/product-images/jumper_cable_sm.jpg",
		"price": "0.99"
	},
	"Jumper Wire Bundle": {
		"image": "./images/product-images/jumper_wire_bundle.jpg",
		"price": "0.99"
	},
	"Green LED": {
		"image": "./images/product-images/led_green.jpg",
		"price": "0.99"
	},
	"Red LED": {
		"image": "./images/product-images/led_red.jpg",
		"price": "0.99"
	},
	"Tricolor LED": {
		"image": "./images/product-images/led_tricolor.jpg",
		"price": "0.99"
	},
	"RAM": {
		"image": "./images/product-images/memory_stick.jpg",
		"price": "0.99"
	},
	"Micro USB": {
		"image": "./images/product-images/micro_usb.jpg",
		"price": "0.99"
	},
	"Mini Motor": {
		"image": "./images/product-images/motor_mini.jpg",
		"price": "0.99"
	},
	"Buzz Motor": {
		"image":"./images/product-images/motor_vibr.jpg",
		"price": "0.99"
	},
	"Oscillator": {
		"image": "./images/product-images/oscillator.jpg",
		"price": "0.99"
	},
	"PCI Slots": {
		"image": "./images/product-images/pci_slots.jpg",
		"price": "0.99"
	},
	"Photoresistor": {
		"image": "./images/product-images/photoresistor.jpg",
		"price": "0.99"
	},
	"Piezo Buzzer": {
		"image": "./images/product-images/piezo_buzzer.jpg",
		"price": "0.99"
	},
	"Rotary Potentiometer": {
		"image": "./images/product-images/potentiometer_rotary.jpg",
		"price": "0.99"
	},
	"Power Supply Unit": {
		"image": "./images/product-images/power_supply_unit.jpg",
		"price": "0.99"
	},
	"Power Switch": {
		"image": "./images/product-images/power_switch.jpg",
		"price": "0.99"
	},
	"Pressure Sensor": {
		"image": "./images/product-images/pressure_sensor.jpg",
		"price": "0.99"
	},
	"Printer Connector": {
		"image": "./images/product-images/printer_connector.jpg",
		"price": "0.99"
	},
	"Protoboard": {
		"image": "./images/product-images/protoboard.jpg",
		"price": "0.99"
	},
	"PS/2 Ports": {
		"image": "./images/product-images/ps_2_ports.jpg",
		"price": "0.99"
	},
	"PSU Plug": {
		"image": "./images/product-images/psu_plug.jpg",
		"price": "0.99"
	},
	"Resistor": {
		"image": "./images/product-images/resistor.jpg",
		"price": "0.99"
	},
	"Ribbon Cable": {
		"image": "./images/product-images/ribbon_cable.jpg",
		"price": "0.99"
	},
	"Micro Servomotor": {
		"image": "./images/product-images/servomotor_micro.jpg",
		"price": "0.99"
	},
	"Sleep Switch Display": {
		"image": "./images/product-images/sleep_switch_display.jpg",
		"price": "0.99"
	},
	"Speaker": {
		"image": "./images/product-images/speaker.jpg",
		"price": "0.99"
	},
	"DPDT (double pole, double throw) Switch": {
		"image": "./images/product-images/switch_dpdt.jpg",
		"price": "0.99"
	},
	"SPST (single pole, single throw) Switch": {
		"image": "./images/product-images/switch_spst.jpg",
		"price": "0.99"
	},
	"Thermistor": {
		"image": "./images/product-images/thermistor.jpg",
		"price": "0.99"
	},
	"Tilt Sensor": {
		"image": "./images/product-images/tilt_sensor.jpg",
		"price": "0.99"
	},
	"Transformer": {
		"image": "./images/product-images/transformer.jpg",
		"price": "0.99"
	},
	"NPN Transistor": {
		"image": "./images/product-images/transistor_npn.jpg",
		"price": "0.99"
	},
	"USB Connetor Type-A": {
		"image": "./images/product-images/usb_connector_type_a.jpg",
		"price": "0.99"
	},
	"USB Connetor Type-B": {
		"image": "./images/product-images/usb_connector_type_b.jpg",
		"price": "0.99"
	},
	"VGA Connetor": {
		"image": "./images/product-images/vga_connector.jpg",
		"price": "0.99"
	}
}