Audio Ports,./images/product-images/audio_ports.jpg,0.99,Product description
Breadboard,./images/product-images/breadboard.jpg,0.99,Product description
Breadboard Jumper Wire Bundle,./images/product-images/breadboard_jumper_wire_bundle.jpg,0.99,Product description
Ceramic Capacitor,./images/product-images/capacitor_ceramic.jpg,0.99,Product description
Electrolytic Capacitor,./images/product-images/capacitor_electrolytic.jpg,0.99,Product description
Diode,./images/product-images/diode.jpg,0.99,Product description
Ethernet Connector,./images/product-images/ethernet.jpg,0.99,Product description
5-inch Floppy Drive,./images/product-images/floppy_drive.jpg,0.99,Product description
Hard Disk Drive Headers,./images/product-images/hard_disk_drive_headers.jpg,0.99,Product description
Large Jumper Cable,./images/product-images/jumper_cable_lg.jpg,0.99,Product description
Small Jumper Cable,./images/product-images/jumper_cable_sm.jpg,0.99,Product description
Jumper Wire Bundle,./images/product-images/jumper_wire_bundle.jpg,0.99,Product description
Green LED,./images/product-images/led_green.jpg,0.99,Product description
Red LED,./images/product-images/led_red.jpg,0.99,Product description
Tricolor LED,./images/product-images/led_tricolor.jpg,0.99,Product description
RAM,./images/product-images/memory_stick.jpg,0.99,Product description
Micro USB,./images/product-images/micro_usb.jpg,0.99,Product description
Mini Motor,./images/product-images/motor_mini.jpg,0.99,Product description
Buzz Motor,./images/product-images/motor_vibr.jpg,0.99,Product description
Oscillator,./images/product-images/oscillator.jpg,0.99,Product description
PCI Slots,./images/product-images/pci_slots.jpg,0.99,Product description
Photoresistor,./images/product-images/photoresistor.jpg,0.99,Product description
Piezo Buzzer,./images/product-images/piezo_buzzer.jpg,0.99,Product description
Rotary Potentiometer,./images/product-images/potentiometer_rotary.jpg,0.99,Product description
Power Supply Unit,./images/product-images/power_supply_unit.jpg,0.99,Product description
Power Switch,./images/product-images/power_switch.jpg,0.99,Product description
Pressure Sensor,./images/product-images/pressure_sensor.jpg,0.99,Product description
Printer Connector,./images/product-images/printer_connector.jpg,0.99,Product description
Protoboard,./images/product-images/protoboard.jpg,0.99,Product description
PS/2 Ports,./images/product-images/ps_2_ports.jpg,0.99,Product description
PSU Plug,./images/product-images/psu_plug.jpg,0.99,Product description
Resistor,./images/product-images/resistor.jpg,0.99,Product description
Ribbon Cable,./images/product-images/ribbon_cable.jpg,0.99,Product description
Micro Servomotor,./images/product-images/servomotor_micro.jpg,0.99,Product description
Sleep Switch Display,./images/product-images/sleep_switch_display.jpg,0.99,Product description
Speaker,./images/product-images/speaker.jpg,0.99,Product description
"DPDT (double pole, double throw) Switch",./images/product-images/switch_dpdt.jpg,0.99,Product description
"SPST (single pole, single throw) Switch",./images/product-images/switch_spst.jpg,0.99,Product description
Thermistor,./images/product-images/thermistor.jpg,0.99,Product description
Tilt Sensor,./images/product-images/tilt_sensor.jpg,0.99,Product description
Transformer,./images/product-images/transformer.jpg,0.99,Product description
NPN Transistor,./images/product-images/transistor_npn.jpg,0.99,Product description
USB Connector Type-A,./images/product-images/usb_connector_type_a.jpg,0.99,Product description
USB Connector Type-B,./images/product-images/usb_connector_type_b.jpg,0.99,Product description
VGA Connector,./images/product-images/vga_connector.jpg,0.99,Product description